FirstName,LastName,Gender,Age,Email,Phone,Education,Occupation,Experience,MaritalStatus
James,Chapman,Male,22,j.chapman@randatmail.com,646-3513-39,Master,Electrician,0,Married
Catherine,Perkins,Female,26,c.perkins@randatmail.com,108-1037-92,Lower secondary,Meteorologist,10,Single
Elise,Douglas,Female,19,e.douglas@randatmail.com,702-5289-39,Bachelor,Salesman,0,Married
Brooke,Cameron,Female,29,b.cameron@randatmail.com,731-7073-10,Upper secondary,Lawer,13,Single
Kristian,Hamilton,Male,18,k.hamilton@randatmail.com,149-4683-07,Lower secondary,Aeroplane Pilot,4,Single
Evelyn,Fowler,Female,26,e.fowler@randatmail.com,686-2173-75,Primary,Interior Designer,5,Single
Lydia,Campbell,Female,20,l.campbell@randatmail.com,074-0738-54,Bachelor,Journalist,5,Married
Rebecca,Alexander,Female,19,r.alexander@randatmail.com,165-5805-18,Primary,Auditor,0,Married
Adrian,Kelley,Male,22,a.kelley@randatmail.com,273-7913-87,Upper secondary,Astronomer,8,Single
Natalie,Wilson,Female,28,n.wilson@randatmail.com,772-3982-50,Primary,Manager,13,Married
Maria,Harrison,Female,21,m.harrison@randatmail.com,583-0296-74,Upper secondary,Interpreter,7,Married
Sawyer,Holmes,Male,24,s.holmes@randatmail.com,416-3506-71,Bachelor,Lecturer,2,Married
Byron,Stevens,Male,28,b.stevens@randatmail.com,912-2419-85,Upper secondary,Meteorologist,6,Single
Dominik,Richards,Male,27,d.richards@randatmail.com,935-6260-29,Primary,Physicist,1,Married
Tyler,Reed,Male,27,t.reed@randatmail.com,635-3973-50,Doctoral,Accountant,7,Single
Miley,Richards,Female,18,m.richards@randatmail.com,307-2785-46,Lower secondary,Botanist,8,Married
Leonardo,Nelson,Male,20,l.nelson@randatmail.com,741-4006-18,Bachelor,Geologist,5,Single
Michael,Richards,Male,18,m.richards@randatmail.com,686-9064-41,Primary,Composer,4,Single
Lucas,Brooks,Male,18,l.brooks@randatmail.com,193-3148-31,Master,Insurer,0,Married
Maria,Wright,Female,28,m.wright@randatmail.com,029-9804-40,Primary,Hairdresser,4,Single
Abraham,Edwards,Male,19,a.edwards@randatmail.com,115-9598-50,Upper secondary,Insurer,6,Married
Miley,Mason,Female,24,m.mason@randatmail.com,565-9291-74,Master,Archeologist,0,Single
Kate,Brown,Female,27,k.brown@randatmail.com,902-7696-14,Doctoral,Geologist,1,Married
Jenna,Reed,Female,21,j.reed@randatmail.com,210-7775-16,Primary,Baker,6,Single
Lily,Brooks,Female,20,l.brooks@randatmail.com,240-8192-49,Master,Salesman,6,Single
Richard,Davis,Male,29,r.davis@randatmail.com,269-5860-84,Primary,Astronomer,10,Single
Ryan,Craig,Male,29,r.craig@randatmail.com,948-7868-87,Master,Dancer,6,Single
Ashton,Russell,Male,23,a.russell@randatmail.com,335-0149-33,Doctoral,Scientist,0,Single
Fenton,Foster,Male,18,f.foster@randatmail.com,083-9832-81,Lower secondary,Auditor,2,Married
Honey,Perry,Female,18,h.perry@randatmail.com,071-4407-85,Master,Graphic Designer,2,Single
Dainton,Wright,Male,18,d.wright@randatmail.com,031-4781-88,Doctoral,Geologist,5,Married
Madaline,Moore,Female,18,m.moore@randatmail.com,750-7965-62,Upper secondary,Producer,5,Married
Lana,Sullivan,Female,24,l.sullivan@randatmail.com,530-5428-25,Primary,Electrician,5,Single
Mike,Gray,Male,30,m.gray@randatmail.com,662-7367-00,Master,Historian,0,Single
Oscar,Henderson,Male,28,o.henderson@randatmail.com,049-0837-80,Upper secondary,Driver,12,Married
Steven,Allen,Male,22,s.allen@randatmail.com,874-9339-75,Primary,Manager,8,Single
Violet,Fowler,Female,20,v.fowler@randatmail.com,821-7579-65,Upper secondary,Dancer,7,Single
Adelaide,Dixon,Female,21,a.dixon@randatmail.com,684-4571-08,Upper secondary,Medic,3,Single
Ada,Fowler,Female,18,a.fowler@randatmail.com,548-8356-59,Doctoral,Singer,8,Single
Abigail,Carroll,Female,21,a.carroll@randatmail.com,586-4661-97,Lower secondary,Singer,6,Single
Tiana,Hamilton,Female,24,t.hamilton@randatmail.com,790-6440-55,Bachelor,Carpenter,7,Married
Kristian,Gibson,Male,24,k.gibson@randatmail.com,863-4653-44,Upper secondary,Singer,8,Married
Fenton,Stevens,Male,20,f.stevens@randatmail.com,612-4390-94,Bachelor,Engineer,2,Single
Fenton,Smith,Male,19,f.smith@randatmail.com,234-9466-60,Upper secondary,Driver,3,Single
Annabella,Higgins,Female,21,a.higgins@randatmail.com,654-8639-08,Upper secondary,Engineer,2,Married
Vincent,Wilson,Male,26,v.wilson@randatmail.com,323-8363-13,Lower secondary,Pharmacist,4,Married
Chester,Chapman,Male,23,c.chapman@randatmail.com,599-0875-07,Lower secondary,Electrician,1,Married
Daisy,Riley,Female,26,d.riley@randatmail.com,580-0140-14,Lower secondary,Botanist,0,Married
Kevin,Armstrong,Male,26,k.armstrong@randatmail.com,335-6330-07,Doctoral,Teacher,3,Single
Nicole,Parker,Female,29,n.parker@randatmail.com,217-5190-84,Master,Cook,12,Single
Ryan,Richardson,Male,28,r.richardson@randatmail.com,093-4754-69,Master,Dancer,2,Single
Freddie,Nelson,Male,27,f.nelson@randatmail.com,365-5048-56,Master,Driver,6,Single
Nicole,Cole,Female,28,n.cole@randatmail.com,991-0988-88,Doctoral,Physicist,0,Married
David,Brown,Male,21,d.brown@randatmail.com,567-6470-26,Upper secondary,Lecturer,7,Single
Lucia,Higgins,Female,26,l.higgins@randatmail.com,895-0469-30,Primary,Journalist,13,Married
Honey,Baker,Female,22,h.baker@randatmail.com,196-1834-85,Doctoral,Salesman,0,Single
Jared,Kelley,Male,18,j.kelley@randatmail.com,685-1318-47,Doctoral,Accountant,3,Single
Ellia,Casey,Female,22,e.casey@randatmail.com,204-7490-81,Lower secondary,Journalist,9,Single
Madaline,Turner,Female,21,m.turner@randatmail.com,619-7570-34,Master,Carpenter,5,Single
Sarah,Harper,Female,28,s.harper@randatmail.com,595-0771-47,Master,Journalist,12,Single
Agata,Thompson,Female,28,a.thompson@randatmail.com,138-7542-83,Primary,Social Worker,6,Single
Preston,Roberts,Male,27,p.roberts@randatmail.com,167-6357-90,Primary,Physicist,0,Married
Alen,Payne,Male,26,a.payne@randatmail.com,907-7039-80,Lower secondary,Lecturer,5,Single
Nicholas,Sullivan,Male,19,n.sullivan@randatmail.com,118-5914-83,Doctoral,Veterinarian,9,Married
Alford,Farrell,Male,22,a.farrell@randatmail.com,084-5560-11,Lower secondary,Interpreter,5,Married
Dexter,Wells,Male,18,d.wells@randatmail.com,937-0267-14,Doctoral,Photographer,4,Single
Kelsey,Harris,Female,29,k.harris@randatmail.com,931-5460-64,Upper secondary,Aeroplane Pilot,11,Married
Frederick,Tucker,Male,30,f.tucker@randatmail.com,360-9344-62,Doctoral,Driver,4,Single
Martin,Barrett,Male,30,m.barrett@randatmail.com,295-1724-65,Master,Lecturer,1,Married
Rubie,Cunningham,Female,25,r.cunningham@randatmail.com,744-2199-15,Doctoral,Lecturer,7,Single
James,Robinson,Male,20,j.robinson@randatmail.com,507-6654-71,Lower secondary,Jeweller,6,Married
Arthur,Edwards,Male,19,a.edwards@randatmail.com,777-5590-12,Lower secondary,Mathematician,9,Married
Violet,Harper,Female,30,v.harper@randatmail.com,009-8510-51,Primary,Journalist,10,Married
Oliver,Murphy,Male,26,o.murphy@randatmail.com,498-0096-55,Upper secondary,Baker,1,Single
Robert,Russell,Male,21,r.russell@randatmail.com,505-4147-44,Bachelor,Electrician,1,Single
Brooke,Miller,Female,24,b.miller@randatmail.com,006-9069-73,Primary,Lecturer,2,Married
Martin,Higgins,Male,24,m.higgins@randatmail.com,892-6653-15,Doctoral,Dancer,7,Single
Lilianna,Barnes,Female,21,l.barnes@randatmail.com,249-3822-84,Master,Firefighter,4,Married
Chloe,Payne,Female,21,c.payne@randatmail.com,812-3823-15,Upper secondary,Fine Artist,3,Married
Dominik,Crawford,Male,18,d.crawford@randatmail.com,771-8237-04,Doctoral,Mathematician,3,Married
Darcy,Farrell,Female,30,d.farrell@randatmail.com,315-8286-35,Upper secondary,Carpenter,12,Single
Roman,Dixon,Male,30,r.dixon@randatmail.com,874-7680-89,Bachelor,Social Worker,9,Married
Alfred,Clark,Male,30,a.clark@randatmail.com,386-5023-59,Lower secondary,Electrician,8,Single
Deanna,Roberts,Female,19,d.roberts@randatmail.com,877-7895-48,Lower secondary,Geologist,7,Single
John,Hamilton,Male,20,j.hamilton@randatmail.com,791-5369-54,Doctoral,Manager,10,Married
Alfred,Ross,Male,29,a.ross@randatmail.com,576-7158-68,Doctoral,Insurer,9,Married
Maximilian,Campbell,Male,18,m.campbell@randatmail.com,629-9329-86,Primary,Teacher,9,Single
Eddy,Alexander,Male,27,e.alexander@randatmail.com,858-8617-46,Primary,Carpenter,10,Single
Melanie,Carroll,Female,24,m.carroll@randatmail.com,388-1429-97,Master,Veterinarian,12,Single
Bruce,Holmes,Male,26,b.holmes@randatmail.com,081-8568-47,Bachelor,Firefighter,7,Single
Michael,Perkins,Male,25,m.perkins@randatmail.com,634-3621-11,Doctoral,Producer,2,Single
Briony,Barrett,Female,21,b.barrett@randatmail.com,980-7567-02,Doctoral,Chemist,7,Single
Alexia,Campbell,Female,22,a.campbell@randatmail.com,061-2965-30,Doctoral,Police Officer,11,Single
Brianna,Warren,Female,21,b.warren@randatmail.com,002-7886-14,Primary,Astronomer,5,Single
Victoria,Gray,Female,25,v.gray@randatmail.com,617-8530-68,Master,Geologist,7,Married
Melissa,Turner,Female,28,m.turner@randatmail.com,370-6732-68,Primary,Graphic Designer,12,Single
Kate,Allen,Female,21,k.allen@randatmail.com,269-4779-60,Primary,Mathematician,4,Single
Sydney,Johnston,Female,26,s.johnston@randatmail.com,912-3684-41,Master,Aeroplane Pilot,13,Married
Edwin,Tucker,Male,18,e.tucker@randatmail.com,789-9975-33,Doctoral,Teacher,0,Married
Daniel,Anderson,Male,30,d.anderson@randatmail.com,616-0986-71,Upper secondary,Astronomer,12,Married
Adam,Hawkins,Male,25,a.hawkins@randatmail.com,261-3800-41,Lower secondary,Interpreter,12,Single
Lydia,Martin,Female,30,l.martin@randatmail.com,248-3208-64,Doctoral,Electrician,15,Single
Thomas,Harris,Male,20,t.harris@randatmail.com,889-2075-64,Upper secondary,Carpenter,5,Married
Derek,Jones,Male,25,d.jones@randatmail.com,299-4077-96,Bachelor,Baker,9,Married
Andrew,Ellis,Male,22,a.ellis@randatmail.com,999-5039-34,Primary,Composer,3,Married
Rubie,Perkins,Female,25,r.perkins@randatmail.com,268-9474-69,Upper secondary,Chemist,12,Single
Sabrina,Hall,Female,27,s.hall@randatmail.com,262-2459-08,Upper secondary,Astronomer,9,Married
Carina,Riley,Female,20,c.riley@randatmail.com,061-9278-51,Upper secondary,Police Officer,7,Married
Sofia,Mason,Female,29,s.mason@randatmail.com,680-5963-07,Bachelor,Insurer,4,Married
Honey,Kelly,Female,19,h.kelly@randatmail.com,668-6225-49,Upper secondary,Historian,6,Single
Abraham,Wright,Male,22,a.wright@randatmail.com,842-6314-84,Upper secondary,Meteorologist,2,Single
Stuart,Davis,Male,30,s.davis@randatmail.com,441-4518-91,Upper secondary,Social Worker,2,Single
Antony,Barnes,Male,23,a.barnes@randatmail.com,619-4035-68,Lower secondary,Insurer,8,Single
Caroline,Murphy,Female,19,c.murphy@randatmail.com,878-7713-01,Doctoral,Baker,3,Single
Jacob,Grant,Male,24,j.grant@randatmail.com,875-0758-07,Doctoral,Engineer,12,Single
Alexia,Alexander,Female,23,a.alexander@randatmail.com,166-6172-02,Upper secondary,Aeroplane Pilot,7,Married
Rubie,Thompson,Female,21,r.thompson@randatmail.com,358-5078-88,Doctoral,Interior Designer,2,Single
Alexander,Sullivan,Male,26,a.sullivan@randatmail.com,843-6413-14,Primary,Archeologist,10,Single
Julian,Taylor,Male,28,j.taylor@randatmail.com,579-3735-18,Primary,Driver,3,Married
Melanie,Thompson,Female,19,m.thompson@randatmail.com,268-1399-85,Primary,Driver,2,Married
Abraham,Parker,Male,24,a.parker@randatmail.com,332-1551-61,Lower secondary,Composer,5,Married
Chloe,Hunt,Female,19,c.hunt@randatmail.com,009-5740-72,Master,Accountant,0,Married
Adrianna,Clark,Female,21,a.clark@randatmail.com,970-3888-74,Master,Driver,9,Married
Chloe,Richards,Female,25,c.richards@randatmail.com,438-6956-22,Doctoral,Hairdresser,7,Married
George,Ellis,Male,23,g.ellis@randatmail.com,012-1611-82,Primary,Pharmacist,2,Single
Savana,Scott,Female,23,s.scott@randatmail.com,905-4666-56,Lower secondary,Physicist,9,Single
Cadie,Bailey,Female,27,c.bailey@randatmail.com,097-0932-90,Upper secondary,Social Worker,9,Married
Jordan,Murphy,Male,24,j.murphy@randatmail.com,005-7185-07,Primary,Archeologist,9,Married
Martin,Fowler,Male,27,m.fowler@randatmail.com,314-6973-13,Upper secondary,Photographer,0,Single
Adrian,Richards,Male,25,a.richards@randatmail.com,726-5003-24,Bachelor,Economist,12,Married
Myra,Harper,Female,19,m.harper@randatmail.com,694-9682-24,Primary,Cook,5,Single
Vincent,Henderson,Male,20,v.henderson@randatmail.com,666-4232-63,Lower secondary,Interior Designer,2,Married
George,Edwards,Male,20,g.edwards@randatmail.com,378-3268-27,Bachelor,Carpenter,3,Married
Tyler,Johnson,Male,18,t.johnson@randatmail.com,777-2849-75,Upper secondary,Jeweller,8,Married
Evelyn,Adams,Female,18,e.adams@randatmail.com,503-1678-70,Bachelor,Dancer,6,Single
Hailey,Carter,Female,20,h.carter@randatmail.com,258-3676-73,Primary,Aeroplane Pilot,5,Married
Dale,Evans,Male,22,d.evans@randatmail.com,812-1973-29,Lower secondary,Baker,0,Married
Kimberly,Ferguson,Female,27,k.ferguson@randatmail.com,458-7213-13,Upper secondary,Programmer,1,Single
Chester,Wright,Male,30,c.wright@randatmail.com,321-4699-27,Master,Jeweller,9,Married
Rafael,Edwards,Male,27,r.edwards@randatmail.com,312-3762-03,Bachelor,Architect,0,Single
Leonardo,Grant,Male,20,l.grant@randatmail.com,046-5707-39,Primary,Driver,8,Married
Olivia,Williams,Female,20,o.williams@randatmail.com,626-0129-57,Lower secondary,Insurer,3,Married
Honey,Harris,Female,24,h.harris@randatmail.com,903-1691-71,Primary,Chemist,2,Single
Alexia,Gibson,Female,20,a.gibson@randatmail.com,427-6536-94,Upper secondary,Actor,6,Married
Max,Jones,Male,27,m.jones@randatmail.com,896-8872-21,Doctoral,Engineer,2,Single
Penelope,Richardson,Female,24,p.richardson@randatmail.com,964-4862-86,Bachelor,Agronomist,12,Single
Stella,Bennett,Female,25,s.bennett@randatmail.com,091-0454-12,Lower secondary,Electrician,6,Married
Kelsey,Armstrong,Female,28,k.armstrong@randatmail.com,336-1153-81,Upper secondary,Journalist,13,Married
Aston,Nelson,Male,24,a.nelson@randatmail.com,329-8193-64,Upper secondary,Electrician,0,Single
Alexia,Watson,Female,18,a.watson@randatmail.com,865-4705-66,Lower secondary,Physicist,8,Single
Edgar,Ellis,Male,18,e.ellis@randatmail.com,413-7079-92,Master,Chemist,6,Married
Alissa,Hunt,Female,29,a.hunt@randatmail.com,409-5927-36,Bachelor,Chef,4,Single
Melanie,Hill,Female,25,m.hill@randatmail.com,920-3620-63,Primary,Teacher,0,Married
Emily,Elliott,Female,29,e.elliott@randatmail.com,437-3813-96,Master,Historian,3,Single
Amy,Harrison,Female,21,a.harrison@randatmail.com,438-5802-11,Lower secondary,Jeweller,0,Married
Justin,Sullivan,Male,26,j.sullivan@randatmail.com,131-9455-09,Primary,Actor,11,Married
Carl,Fowler,Male,27,c.fowler@randatmail.com,129-2131-46,Primary,Teacher,0,Married
Elian,Robinson,Male,28,e.robinson@randatmail.com,346-4626-43,Master,Insurer,10,Married
Jessica,Andrews,Female,27,j.andrews@randatmail.com,026-6346-09,Lower secondary,Social Worker,9,Single
Elise,Owens,Female,26,e.owens@randatmail.com,945-1012-06,Lower secondary,Police Officer,12,Single
Garry,Scott,Male,22,g.scott@randatmail.com,358-3498-93,Upper secondary,Programmer,5,Single
Isabella,Evans,Female,23,i.evans@randatmail.com,555-6066-37,Primary,Dancer,7,Single
Blake,Scott,Male,23,b.scott@randatmail.com,132-7785-61,Doctoral,Police Officer,7,Married
Nicholas,Mitchell,Male,28,n.mitchell@randatmail.com,460-9442-29,Doctoral,Scientist,13,Married
Byron,Chapman,Male,26,b.chapman@randatmail.com,028-9210-29,Master,Pharmacist,1,Married
Maximilian,Carter,Male,25,m.carter@randatmail.com,972-0696-68,Upper secondary,Chef,0,Married
Paul,Wright,Male,30,p.wright@randatmail.com,038-3922-33,Master,Carpenter,15,Single
Naomi,Hunt,Female,29,n.hunt@randatmail.com,760-5258-47,Upper secondary,Physicist,2,Single
Tyler,Brooks,Male,20,t.brooks@randatmail.com,880-2683-95,Bachelor,Police Officer,5,Married
Vanessa,Edwards,Female,29,v.edwards@randatmail.com,785-9611-81,Upper secondary,Physicist,1,Married
Tess,Harris,Female,29,t.harris@randatmail.com,468-1080-77,Doctoral,Baker,11,Married
Chester,Higgins,Male,21,c.higgins@randatmail.com,361-7335-30,Upper secondary,Pharmacist,0,Married
Darcy,Moore,Female,27,d.moore@randatmail.com,282-0857-15,Master,Baker,8,Married
Ned,Stevens,Male,18,n.stevens@randatmail.com,026-3747-58,Upper secondary,Dancer,5,Single
Lilianna,Nelson,Female,24,l.nelson@randatmail.com,756-3813-77,Master,Interpreter,9,Single
Valeria,Wells,Female,29,v.wells@randatmail.com,644-4948-84,Master,Medic,6,Married
Kirsten,Adams,Female,25,k.adams@randatmail.com,698-9235-68,Master,Photographer,6,Married
Brad,Thomas,Male,26,b.thomas@randatmail.com,914-8380-41,Upper secondary,Insurer,3,Married
Arianna,Russell,Female,29,a.russell@randatmail.com,185-4987-97,Doctoral,Archeologist,5,Married
Daisy,Armstrong,Female,19,d.armstrong@randatmail.com,027-3716-48,Primary,Veterinarian,6,Married
Lucas,Chapman,Male,29,l.chapman@randatmail.com,998-3662-25,Upper secondary,Auditor,11,Single
Andrew,Baker,Male,18,a.baker@randatmail.com,135-4220-57,Doctoral,Composer,9,Married
Chester,Bennett,Male,29,c.bennett@randatmail.com,145-6772-80,Upper secondary,Mechanic,12,Single
Freddie,Wright,Male,19,f.wright@randatmail.com,485-7428-99,Bachelor,Agronomist,9,Married
Ned,Cunningham,Male,30,n.cunningham@randatmail.com,877-0888-45,Master,Hairdresser,13,Married
Alen,Crawford,Male,23,a.crawford@randatmail.com,570-8763-80,Lower secondary,Physicist,0,Married
Dominik,Parker,Male,24,d.parker@randatmail.com,677-0559-85,Master,Auditor,12,Single
Lydia,Baker,Female,28,l.baker@randatmail.com,928-0670-25,Master,Cook,7,Single
Chelsea,Harper,Female,18,c.harper@randatmail.com,132-6446-72,Upper secondary,Lawer,9,Single
Garry,Rogers,Male,24,g.rogers@randatmail.com,876-4186-21,Bachelor,Agronomist,11,Married
Haris,Dixon,Male,22,h.dixon@randatmail.com,174-7448-41,Lower secondary,Fine Artist,7,Married
Dexter,Hawkins,Male,25,d.hawkins@randatmail.com,844-2024-46,Upper secondary,Salesman,8,Single
Lyndon,Higgins,Male,21,l.higgins@randatmail.com,955-3276-31,Lower secondary,Architect,8,Married
Eleanor,Harper,Female,21,e.harper@randatmail.com,149-7365-32,Primary,Meteorologist,4,Single
Sarah,Douglas,Female,21,s.douglas@randatmail.com,371-5364-88,Upper secondary,Mechanic,1,Married
Chloe,Riley,Female,24,c.riley@randatmail.com,353-9702-88,Bachelor,Insurer,7,Married
Alissa,Harris,Female,28,a.harris@randatmail.com,210-7435-58,Lower secondary,Pharmacist,9,Married
Derek,Foster,Male,22,d.foster@randatmail.com,176-4660-57,Upper secondary,Hairdresser,7,Married
George,Perry,Male,19,g.perry@randatmail.com,838-6019-44,Lower secondary,Producer,1,Single
Jordan,Stewart,Male,23,j.stewart@randatmail.com,702-3036-14,Master,Accountant,0,Married